Restaurant Name,Restaurant Type,Address,Price Range,Reviews,Ratings,Distance (from ATBU Bauchi),Ambience and atmosphere,Service quality,Special occasions,Authenticity and local cuisine,Hygiene and safety standards
G-NESS KITCHEN,Restaurant,8RCF+5MX,₦₦,7,4.7,1.5 km,Casual and relaxed,Good,Yes,Yes,Good
ALKASANI JOINT RESTAURANT,Restaurant,Abba k zadawa shopping complex,₦₦,4,4.8,2.0 km,Casual and lively,Good,Yes,Yes,Good
Aroma Restaurant,Restaurant,8R8J+M68,₦₦,301,3.7,3.0 km,Upscale and elegant,Excellent,Yes,Yes,Excellent
RAFA'U RESTAURANT,Restaurant,Ahmadu Bello way,₦₦,15,4.2,1.0 km,Casual and relaxed,Good,Yes,Yes,Good
Yelwa Chicken Republic,Restaurant,Ahmadu Bello Way,₦₦,25,4.3,1.0 km,Casual and family-friendly,Good,Yes,Yes,Good
Ranch Restaurant,Restaurant,Ahmadu Bello way,₦₦,20,4.5,1.0 km,Casual and relaxed,Good,Yes,Yes,Good
A'ZIZA RESTAURANT,Restaurant,Wunti Street,₦₦,10,4.1,0.5 km,Casual and family-friendly,Good,Yes,Yes,Good
Yelwa Chicken Republic,Restaurant,Yelwa Tudu,₦₦,25,4.3,2.0 km,Casual and family-friendly,Good,Yes,Yes,Good
Gulf View Restaurant,Restaurant,Ahmadu Bello Way,₦₦,40,4.6,1.0 km,Upscale and elegant,Excellent,Yes,Yes,Excellent
Ranch Restaurant,Restaurant,Yelwa Tudu,₦₦,20,4.5,2.0 km,Casual and relaxed,Good,Yes,Yes,Good
Al-Amin Restaurant,Restaurant,Wunti Street,₦₦,15,4.0,0.5 km,Casual and relaxed,Good,Yes,Yes,Good
Tantalizers,Restaurant,Ahmadu Bello Way,₦₦,30,4.4,1.0 km,Casual and family-friendly,Good,Yes,Yes,Good
Pizza Inn,Restaurant,Ahmadu Bello Way,₦₦,40,4.7,1.0 km,Upscale and elegant,Excellent,Yes,Yes,Excellent
The Place Restaurant,Restaurant,Ahmadu Bello Way,₦₦,50,4.8,1.0 km,Upscale and elegant,Excellent,Yes,Yes,Excellent
KFC,Restaurant,Ahmadu Bello Way,₦₦,30,4.5,1.0 km,Casual and family-friendly,Good,Yes,Yes,Good
Tastee Fried Chicken,Restaurant,Ahmadu Bello Way,₦₦,25,4.3,1.0 km,Casual and family-friendly,Good,Yes,Yes,Good
Mr. Biggs,Restaurant,Ahmadu Bello Way,₦₦,30,4.4,1.0 km,Casual and family-friendly,Good,Yes,Yes,Good
Chalo's Place,Restaurant,Ahmadu Bello Way,₦₦,40,4.7,1.0 km,Upscale and elegant,Excellent,Yes,Yes,Excellent
The Palm Restaurant,Restaurant,Ahmadu Bello Way,₦₦,50,4.8,1.0 km,Upscale and elegant,Excellent,Yes,Yes,Excellent
Safari Grill,Restaurant,Ahmadu Bello Way,₦₦,30,4.5,1.0 km,Casual and family-friendly,Good,Yes,Yes,Good
Tastee Fried Chicken,Restaurant,Yelwa Tudu,₦₦,25,4.3,2.0 km,Casual and family-friendly,Good,Yes,Yes,Good
Mr. Biggs,Restaurant,Yelwa Tudu,₦₦,30,4.4,2.0 km,Casual and family-friendly,Good,Yes,Yes,Good
